{"cameraMode":{"drawMode":0,"name":"Shaded","section":"Shading Mode"},"sceneLighting":true,"audioPlay":false,"sceneViewState":{"m_AlwaysRefresh":false,"showFog":true,"showSkybox":true,"showFlares":true,"showImageEffects":true,"showParticleSystems":true,"showVisualEffectGraphs":true,"m_FxEnabled":true},"in2DMode":false,"pivot":{"x":3.7103896141052248,"y":-25.808704376220704,"z":23.367706298828126},"rotation":{"x":0.1966499388217926,"y":0.02529740333557129,"z":-0.005074613261967897,"w":0.9801604747772217},"size":45.00373840332031,"orthographic":false}